Mamiya 645,0.577
Mamiya ZD,0.721
P 25,0.577
2.8E,0.510
HD2,6.4
Hero3+ black,5.42
HERO4 Silver,7.66
HERO4 Black,5
HERO5 Black,5
Phantom Vision FC200,6
Phantom 3 Pro FC300X,5.5
AEE DV,6
AEE MagiCam SD19 & compatibles,6
Git2,5.57
Mavic Pro FC220,5.64
FC6310,2.73
Canon PowerShot Pro1,3.933
PowerShot Pro1,3.933
Canon PowerShot Pro70,5.47
PowerShot Pro70,5.47
Canon PowerShot G6,4.843
PowerShot G6,4.843
Canon PowerShot G5,4.843
PowerShot G5,4.843
Canon PowerShot G3,4.843
PowerShot G3,4.843
Canon PowerShot G2,4.843
PowerShot G2,4.843
Canon PowerShot G1,4.843
PowerShot G1,4.843
Canon PowerShot G7,4.843
PowerShot G7,4.843
Canon PowerShot G5 X,2.72
PowerShot G5 X (3:2),2.72
Canon PowerShot G5 X 4:3,2.94
PowerShot G5 X (4:3),2.94
Canon PowerShot G5 X 16:9,2.85
PowerShot G5 X (16:9),2.85
Canon PowerShot G7 X,2.72
PowerShot G7 X (3:2),2.72
Canon PowerShot G7 X 4:3,2.94
PowerShot G7 X (4:3),2.94
Canon PowerShot G7 X 16:9,2.85
PowerShot G7 X (16:9),2.85
Canon PowerShot G7 X Mark II,2.72
PowerShot G7 X Mark II (3:2),2.72
Canon PowerShot G7 X Mark II 4:3,2.94
PowerShot G7 X Mark II (4:3),2.94
Canon PowerShot G7 X Mark II 16:9,2.85
PowerShot G7 X Mark II (16:9),2.85
Canon PowerShot G9,4.605
PowerShot G9,4.605
Canon Powershot G9 X,2.72
PowerShot G9 X,2.72
Canon PowerShot G10,4.605
PowerShot G10,4.605
Canon PowerShot G11,4.554
PowerShot G11,4.554
Canon PowerShot G12,4.63
PowerShot G12,4.63
Canon PowerShot G1 X,1.85
PowerShot G1 X,1.85
Canon PowerShot G1 X Mark II,1.93
PowerShot G1 X Mark II,1.93
Canon PowerShot G15,4.65
PowerShot G15,4.65
Canon PowerShot G16,4.67
PowerShot G16,4.67
Canon PowerShot SD550,4.8
PowerShot SD550,4.8
Canon PowerShot SD950 IS,4.7
PowerShot SD950 IS,4.7
Canon DIGITAL IXUS 750,4.8
IXUS 750,4.8
IXY Digital 700,4.8
Canon PowerShot SD500,4.8
PowerShot SD500,4.8
Canon DIGITAL IXUS 700,4.8
IXUS 700,4.8
IXY Digital 600,4.8
Canon PowerShot SD450,6.05
PowerShot SD450,6.05
Canon DIGITAL IXUS 55,6.05
IXUS 55,6.05
Canon PowerShot SD400,6.05
PowerShot SD400,6.05
Canon IXY DIGITAL 55,6.05
IXY 55,6.05
Canon DIGITAL IXUS 50,6.05
IXUS 50,6.05
Canon DIGITAL IXUS 70,6.05
IXUS 70,6.05
Canon PowerShot SD300,6.05
PowerShot SD300,6.05
Canon IXY DIGITAL 50,6.05
IXY 50,6.05
Canon DIGITAL IXUS 40,6.05
IXUS 40,6.05
Canon PowerShot SD200,6.05
PowerShot SD200,6.05
Canon IXY DIGITAL 40,6.05
IXY 40,6.05
Canon DIGITAL IXUS 30,6.05
IXUS 30,6.05
Canon PowerShot S200,6.5
PowerShot S200,6.5
Canon DIGITAL IXUS v2,6.5
IXUS v2,6.5
Canon IXY DIGITAL 200a,6.5
IXY 200a,6.5
Canon PowerShot SD110,6.5
PowerShot SD110,6.5
Canon DIGITAL IXUS II,6.5
IXUS II,6.5
Canon IXY DIGITAL 30,6.5
IXY 30,6.5
Canon PowerShot SD100,6.5
PowerShot SD100,6.5
Canon DIGITAL IXUS i,6.144
IXUS i,6.144
Canon PowerShot SD10,6.144
PowerShot SD10,6.144
Canon PowerShot S500,4.843
PowerShot S500,4.843
Canon DIGITAL IXUS 500,4.843
IXUS 500,4.843
Canon IXY DIGITAL 500,4.843
IXY 500,4.843
Canon PowerShot S410,4.843
PowerShot S410,4.843
Canon DIGITAL IXUS 430,4.843
IXUS 430,4.843
Canon IXY DIGITAL 450,4.843
IXY 450,4.843
Canon PowerShot S400,4.843
PowerShot S400,4.843
Canon DIGITAL IXUS 400,4.843
IXUS 400,4.843
Canon IXY DIGITAL 400,4.843
IXY 400,4.843
Canon PowerShot S80,4.843
PowerShot S80,4.843
Canon PowerShot S70,4.843
PowerShot S70,4.843
Canon PowerShot S60,4.843
PowerShot S60,4.843
Canon PowerShot S50,4.843
PowerShot S50,4.843
Canon PowerShot S45,4.843
PowerShot S45,4.843
Canon PowerShot S40,4.843
PowerShot S40,4.843
Canon PowerShot S30,4.843
PowerShot S30,4.843
Canon PowerShot A610,4.8
PowerShot A610,4.8
Canon PowerShot A620,4.8
PowerShot A620,4.8
Canon PowerShot A520,6.05
PowerShot A520,6.05
Canon PowerShot A510,6.05
PowerShot A510,6.05
Canon PowerShot A95,4.85
PowerShot A95,4.85
Canon PowerShot A80,4.85
PowerShot A80,4.85
Canon PowerShot A85,6.500
PowerShot A85,6.500
Canon PowerShot A75,6.500
PowerShot A75,6.500
Canon PowerShot A70,6.500
PowerShot A70,6.500
Canon PowerShot A60,6.500
PowerShot A60,6.500
Canon PowerShot A40,6.500
PowerShot A40,6.500
Canon PowerShot A30,6.500
PowerShot A30,6.500
Canon PowerShot A20,6.500
PowerShot A20,6.500
Canon PowerShot A10,6.500
PowerShot A10,6.500
Canon PowerShot S2 IS,6.0
PowerShot S2 IS,6.0
Canon PowerShot S1 IS,6.56
PowerShot S1 IS,6.56
Canon PowerShot S5 IS,6.0
PowerShot S5 IS,6.0
Canon PowerShot Pro90 IS,5.28
PowerShot Pro90 IS,5.28
Canon DIGITAL IXUS 80 IS,6.02
IXUS 80 IS,6.02
Canon PowerShot SX1 IS,5.5
PowerShot SX1 IS,5.5
Canon PowerShot S90,4.67
PowerShot S90,4.67
Canon PowerShot A650 IS,4.67712
PowerShot A650 IS,4.67712
Canon PowerShot SX150 IS,5.62
PowerShot SX150 IS,5.62
Canon PowerShot SX10 IS,5.6
PowerShot SX10 IS,5.6
Canon PowerShot SX130 IS,5.62
PowerShot SX130 IS,5.62
Canon PowerShot SX220 HS,5.6
PowerShot SX220 HS,5.6
Canon PowerShot SX230 HS,5.6
PowerShot SX230 HS,5.6
Canon PowerShot A720 IS,6.03
PowerShot A720 IS,6.03
Canon PowerShot S120,4.62
PowerShot S120,4.62
Canon PowerShot A640,4.79
PowerShot A640,4.79
Canon PowerShot SX260 HS,5.56
PowerShot SX260 HS,5.56
Canon IXUS 220 HS,5.58
IXUS 220 HS,5.58
Canon PowerShot S95,4.67
PowerShot S95,4.67
Canon PowerShot S100,4.62
PowerShot S100,4.62
Canon PowerShot A4000 IS,5.6
PowerShot A4000 IS,5.6
Canon PowerShot ELPH 110 HS,5.58
Powershot ELPH 110 HS,5.58
Canon IXUS 125 HS,5.58
IXUS 125 HS,5.58
Canon PowerShot SX510 HS,5.58
PowerShot SX510 HS,5.58
Canon PowerShot S110,4.62
PowerShot S110,4.62
Canon PowerShot SD1100 IS,6.02
PowerShot SD1100 IS,6.02
Canon PowerShot SX160 IS,5.6
PowerShot SX160 IS,5.6
Canon PowerShot A495,5.39
PowerShot A495,5.39
Canon PowerShot A490,5.39
PowerShot A490,5.39
Canon PowerShot SX30 IS,5.581
PowerShot SX30 IS,5.581
EX-Z750,4.8
EX-P700,4.65
EX-P600,4.65
EX-Z4,6.05
EX-Z3,6.05
EX-Z55,6.05
EX-Z40,6.05
EX-Z30,6.05
QV-4000,4.843
QV-3500EX,4.8
QV-3000EX,4.8
EX-FH20,5.68
FinePix F11,4.5
FinePix F10,4.5
FinePix S9000,4.48
FinePix S9500,4.48
FinePix S9600,4.48
FinePix S5500,6.491
FinePix S5100,6.491
FinePix S7000,4.487
FinePix S20Pro,4.487
FinePix S602 ZOOM,4.487
FinePix F601 ZOOM,4.487
FinePix F810,4.9
FinePix F710,4.5
FinePix E550,4.5
FinePix 3800,6.3333333
FinePix S304,6.3333333
FinePix S3000,6.3333333
FinePix2800ZOOM,6.3333333
FinePix F200EXR,4.341
FinePix X100,1.523
X100S,1.523
X100T,1.523
X10,3.93
X70,1.5375
X20,3.93
X30,3.93
FinePix HS20EXR,5.71
FinePix F770EXR,5.43
FinePix S5600,6.03
XQ1,3.91
FinePix A370,6.03
X-S1,3.93
Kodak DC120 ZOOM Digital Camera,1
Kodak DC120,1
Kodak Digital Science DC50 Zoom Camera,1
Kodak DC50,1
Kodak CX6330 Zoom Digital Camera,6.593
Kodak CX6330,6.593
DiMAGE Z6,6.05
DiMAGE Z5,6.05
DiMAGE Z3,6.05
DiMAGE Z2,6.03
DiMAGE Z1,6.545
DiMAGE Z20,6.05
DiMAGE Z10,6.05
DiMAGE A200,3.933
DiMAGE A2,3.933
DiMAGE A1,3.933
DiMAGE 7Hi,3.933
DiMAGE 7i,3.933
DiMAGE 7,3.933
DiMAGE Xt,6.5
DiMAGE Xi,6.5
DiMAGE X,6.5
DiMAGE G400,6.144
Revio KD-420Z,6.144
Digilux 2,4.45
D-LUX2,4.45
D-LUX 4,4.33
Digilux 4,4.33
D-LUX 3,4.33
Digilux 3,2
Leica Q (Typ 116),1
Coolpix P60,5.62
E8800,3.933
Coolpix 8800,3.933
E8700,3.933
Coolpix 8700,3.933
E5700,3.933
Coolpix 5700,3.933
E7900,4.86
Coolpix 7900,4.86
E7600,4.86
Coolpix 7600,4.86
E5900,4.86
Coolpix 5900,4.86
E5200,4.86
Coolpix 5200,4.86
E4200,4.86
Coolpix 4200,4.86
E5400,4.843
Coolpix 5400,4.843
E5000,3.933
Coolpix 5000,3.933
E4800,6
Coolpix 4800,6
E4500,4.843
Coolpix 4500,4.843
E995,4.843
Coolpix 995,4.843
E990,4.843
Coolpix 990,4.843
E950,5.408
Coolpix 950,5.408
Coolpix P330,4.706
Coolpix S3300,5.65
Coolpix P6000,4.6
E8400,3.933
Coolpix 8400,3.933
Coolpix P7000,4.69
Coolpix P7800,4.67
Coolpix A,1.523
C8080WZ,3.933
C-8080 Wide Zoom,3.933
"u-miniD,Stylus V",6.0
µ-mini Digital,6.0
Stylus Verve Digital,6.0
"C70Z,C7000Z",4.8
"C-70 Zoom, C-7000 Zoom",4.8
"C4100Z,C4000Z",4.92
"C-4000 Zoom, C-4100 Zoom",4.92
"X-2,C-50Z",4.9
X-2,4.9
C-50 Zoom,4.9
C750UZ,6.03
C-750 Ultra Zoom,6.03
C730UZ,6.52
C-730 Ultra Zoom,6.52
C700UZ,6.52
C-700 Ultra Zoom,6.52
C7070WZ,4.930
C-7070 Wide Zoom,4.930
C5060WZ,4.930
C-5060 Wide Zoom,4.930
C5050Z,4.930
C-5050 Zoom,4.930
C4040Z,4.930
C-4040 Zoom,4.930
C3040Z,4.930
C-3040 Zoom,4.930
C2040Z,4.930
C-2040 Zoom,4.930
"C860L,D360L",6.563
C-860L,6.563
D-360L,6.563
mju-II,1
µ-II,1
Stylus Epic,1
SP350,4.8
SP-350,4.8
SP500UZ,6.0
SP-500 Ultra Zoom,6.0
SP560UZ,5.8
SP-560 Ultra Zoom,5.8
XZ-1,4.68
XZ-2,4.68
Stylus1,4.67
Stylus 1,4.67
"Stylus1,1s",4.67
"Stylus 1, 1s",4.67
TG-1,5.56
Stylus TG-1,5.56
TG-2,5.56
Stylus TG-2,5.56
TG-3,5.56
Stylus TG-3,5.56
TG-4,5.56
Stylus TG-4,5.56
DMC-LX1,5.40
DMC-LX3,5.32
DMC-LX5,4.71
DMC-LX7,5.1
DMC-LX10,2.73
DMC-LX15,2.73
DMC-LC1,3.933
DMC-LZ2,6.06
DMC-LZ1,6.06
DMC-FX9,6.05
DMC-FX8,6.05
DMC-FX7,6.05
DMC-FX2,6.05
DMC-FZ30,4.73
DMC-FZ20,6.0
DMC-FZ10,5.84
DMC-FZ5,6.0
DMC-FZ3,7.6
DMC-FZ28,5.6
DMC-FX150,4.7
DMC-LX2,4.44
DMC-FZ18,6.1
DMC-FZ35,5.6
DMC-FZ40,5.60
DMC-FZ40 (3:2),5.81
DMC-FZ45,5.60
DMC-FZ45 (3:2),5.81
DMC-FZ50,4.84
DMC-FZ8,6.02
DMC-FZ100,5.60
DMC-FZ100 (3:2),5.81
DMC-FZ200,5.56
DMC-FZ300,5.56
DMC-LX100,2.21
DMC-FZ1000,2.73
DMC-FZ150,5.56
DMC-LF1,4.67
DMC-TZ71,5.58
DMC-TZ61,5.58
DMC-TZ100,2.75
DMC-ZS100,2.75
Pentax Optio 43WR,6.5
Optio 43WR,6.5
Pentax Optio 750Z,4.843
Optio 750Z,4.843
Pentax Optio 555,4.843
Optio 555,4.843
Pentax Optio 550,4.843
Optio 550,4.843
Pentax Optio 450,4.843
Optio 450,4.843
Pentax Optio 33LF,6.563
Optio 33LF,6.563
Pentax Optio 33L,6.563
Optio 33L,6.563
Pentax Optio 230GS,6.563
Optio 230GS,6.563
Pentax Optio 330GS,6.563
Optio 330GS,6.563
Pentax Optio 430,4.85
Optio 430,4.85
GR Digital,4.8
Caplio GX8,4.9
Caplio GX,4.9
Caplio RR30,6.4
GR,1.523
WB2000,5.69
SM-G935F,6.19
Galaxy S7,6.19
Sigma DP1,1.739
DP1,1.739
Sigma DP1 Merrill,1.531
DP1 Merrill,1.531
Sigma DP1S,1.739
DP1S,1.739
Sigma DP1X,1.739
DP1X,1.739
Sigma DP2,1.739
DP2,1.739
Sigma DP2 Merrill,1.531
DP2 Merrill,1.531
Sigma DP2S,1.739
DP2S,1.739
Sigma DP2X,1.739
DP2X,1.739
Sigma DP3 Merrill,1.531
DP3 Merrill,1.531
DSC-R1,1.68
DSC-H1,6.0
DSC-F828,3.933
Cybershot,4.843
Cyber-shot,4.843
DSC-P200,4.8
DSC-P150,4.8
DSC-P100,4.8
DSC-P93,4.8
DSC-W12,4.8
DSC-W7,4.8
DSC-W15,4.8
DSC-W5,4.8
DSC-W1,4.8
DSC-V3,4.843
DSC-V1,4.843
DSC-T1,5.650
DSC-S90,6.5
DSC-ST80,6.5
DSC-S80,6.5
DSC-S60,6.5
DSC-P73,6.5
DSC-RX100,2.73
RX100,2.73
DSC-RX100M2,2.73
RX100 II,2.73
DSC-RX100M3,2.73
RX100 III,2.73
DSC-RX100M4,2.73
RX100 IV,2.73
DSC-RX100M5,2.73
RX100 V,2.73
DSC-HX300,5.58
DSC-HX20V,5.62
Xperia Z3,7.87
DSC-RX10,2.73
RX10,2.73
DSC-RX10M2,2.73
RX10 II,2.73
DSC-RX10M3,2.73
RX10 III,2.73
DSC-RX10M4,2.73
RX10 IV,2.73
DSC-RX1RM2,1
RX1 R II,1
35mm film: full frame,1
Crop-factor 1.0 (Full Frame),1
Crop-Faktor 1.0 (Kleinbildformat),1
Crop-factor 1.1,1.1
Crop-Faktor 1.1,1.1
Crop-factor 1.3 (APS-H),1.267
Crop-Faktor 1.3 (APS-H),1.267
Crop-factor 1.5 (APS-C),1.53
Crop-Faktor 1.5 (APS-C),1.53
Crop-factor 1.6 (APS-C),1.611
Crop-Faktor 1.6 (Canon APS-C),1.611
Crop-factor 1.7,1.739
Crop-Faktor 1.7 (Sigma),1.739
Crop-factor 2.0 (Four-Thirds),2
Crop-Faktor 2.0 (Four-Thirds),2
Canon EOS M,1.613
EOS M,1.613
Canon EOS M2,1.613
EOS M2,1.613
Canon EOS M3,1.613
EOS M3,1.613
Canon EOS M5,1.613
EOS M5,1.613
Canon EOS M6,1.613
EOS M6,1.613
Canon EOS M10,1.613
EOS M10,1.613
Canon EOS M50,1.613
EOS M50,1.613
Canon EOS M100,1.613
EOS M100,1.613
X-Pro1,1.529
X-Pro2,1.528
X-E1,1.529
X-E2,1.529
X-E2S,1.529
X-T1,1.529
X-T2,1.528
X-M1,1.529
X-A1,1.529
X-A2,1.529
X-T10,1.529
X-T20,1.529
Nikon 1 S1,2.727
1 S1,2.727
Nikon 1 V1,2.727
1 V1,2.727
Nikon 1 J1,2.727
1 J1,2.727
Nikon 1 AW1,2.727
1 AW1,2.727
Nikon 1 S2,2.727
1 S2,2.727
Nikon 1 V2,2.727
1 V2,2.727
Nikon 1 J2,2.727
1 J2,2.727
Nikon 1 V3,2.727
1 V3,2.727
Nikon 1 J3,2.727
1 J3,2.727
Nikon 1 J4,2.727
1 J4,2.727
Nikon 1 J5,2.727
1 J5,2.727
E-P1,2
E-P2,2
E-P3,2
E-P5,2
E-PL1,2
E-PL1s,2
E-PL2,2
E-PL3,2
E-PL5,2
E-PL6,2
E-PL7,2
E-PL8,2
E-PM1,2
E-PM2,2
E-M1,2
E-M1MarkII,2
E-M5,2
E-M5MarkII,2
E-M10,2
E-M10MarkII,2
E-M10 II,2
E-M10 Mark III,2
E-M10 III,2
PEN-F,2
DMC-G1,2
DMC-GF1,2
DMC-GH1,2
DMC-GM1,2
DMC-GX1,2
DMC-G2,2
DMC-GF2,2
DMC-GH2,2
DMC-G3,2
DMC-GF3,2
DMC-GH3,2
DMC-GH4,2
DC-GH5,2
DMC-G5,2
DMC-GF5,2
DMC-G6,2
DMC-GF6,2
DMC-G7,2
DMC-GF7,2
DMC-GX7,2
DMC-G10,2
DMC-GM5,2
DMC-GX8,2
DMC-G80,2
DMC-G81,2
DMC-G85,2
DMC-GX80,2
DMC-GX85,2
Pentax Q,5.53
Pentax Q7,4.6
Pentax Q10,5.53
EK-GN120,1.531
Galaxy NX,1.531
NX10,1.525
NX11,1.525
NX100,1.525
NX1000,1.525
NX20,1.525
NX200,1.525
NX210,1.525
NX300,1.531
NX300M,1.531
NX500,1.531
NX1100,1.531
NX2000,1.531
NX3000,1.531
NX1,1.531
NX5,1.525
NX30,1.531
NX mini,2.727
sd Quattro,1.523
NEX-3,1.534
NEX-C3,1.534
NEX-F3,1.534
NEX-3N,1.534
NEX-5,1.534
NEX-5N,1.534
NEX-5R,1.534
NEX-5T,1.534
NEX-6,1.534
NEX-7,1.534
ILCE-6000,1.534
Alpha 6000,1.534
ILCE-3000,1.534
Alpha 3000,1.534
ILCE-5000,1.534
Alpha 5000,1.534
ILCE-5100,1.534
Alpha 5100,1.534
ILCE-7,1
Alpha 7,1
ILCE-7R,1
Alpha 7R,1
ILCE-7RM2,1
Alpha 7R II,1
ILCE-7S,1
Alpha 7S,1
ILCE-7M2,1
Alpha 7 II,1
ILCE-6300,1.534
Alpha 6300,1.534
ILCE-6500,1.534
Alpha 6500,1.534
ILCE-9,1
Alpha 9,1
Lumia 1020,3.93
Lumia 950,6.02
Lumia 950 XL,6.02
R-D1,1.525
LG-H815,6.34
LG G4,6.34
Lumia 1520,6.26
Leica M (Typ 240),1
Canon EOS 6D,1.005
EOS 6D,1.005
Canon EOS 6D Mark II,1
EOS 6D Mark II,1
Canon EOS 5D Mark IV,1
EOS 5D Mark IV,1
Canon EOS 5D Mark III,1
EOS 5D Mark III,1
Canon EOS 5D Mark II,1
EOS 5D Mark II,1
Canon EOS 5D,1
EOS 5D,1
Canon EOS-1Ds,1
EOS-1Ds,1
Canon EOS-1Ds Mark II,1
EOS-1Ds Mark II,1
Canon EOS-1D Mark II,1.255
EOS-1D Mark II,1.255
Canon EOS-1D Mark II N,1.255
EOS-1D Mark II N,1.255
Canon EOS-1Ds Mark III,1
EOS-1Ds Mark III,1
Canon EOS-1D Mark III,1.282
EOS-1D Mark III,1.282
Canon EOS-1D Mark IV,1.290
EOS-1D Mark IV,1.290
Canon EOS-1D,1.255
EOS-1D,1.255
Canon EOS-1D X,1
EOS-1D X,1
Canon EOS-1D X Mark II,1
EOS-1D X Mark II,1
Canon EOS 1000D,1.622
EOS 1000D,1.622
Canon EOS DIGITAL REBEL XS,1.622
EOS Digital Rebel XS,1.622
Canon EOS Kiss Digital F,1.622
EOS Kiss Digital F,1.622
Canon EOS 1100D,1.620
EOS 1100D,1.620
Canon EOS REBEL T3,1.620
EOS Rebel T3,1.620
Canon EOS Kiss X50,1.620
EOS Kiss X50,1.620
Canon EOS 300D DIGITAL,1.587
EOS 300D,1.587
Canon EOS DIGITAL REBEL,1.587
EOS Digital REBEL,1.587
Canon EOS Kiss Digital,1.587
EOS Kiss Digital,1.587
Canon EOS 350D DIGITAL,1.622
EOS 350D,1.622
Canon EOS DIGITAL REBEL XT,1.622
EOS Digital Rebel XT,1.622
Canon EOS Kiss Digital N,1.622
EOS Kiss Digital N,1.622
Canon EOS 400D DIGITAL,1.622
EOS 400D,1.622
Canon EOS DIGITAL REBEL XTi,1.622
EOS Digital Rebel XTi,1.622
Canon EOS Kiss Digital X,1.622
EOS Kiss Digital X,1.622
Canon EOS 450D,1.622
EOS 450D,1.622
Canon EOS DIGITAL REBEL XSi,1.622
EOS Digital Rebel XSi,1.622
Canon EOS Kiss Digital X2,1.622
EOS Kiss Digital X2,1.622
Canon EOS 500D,1.613
EOS 500D,1.613
Canon EOS REBEL T1i,1.613
EOS Rebel T1i,1.613
Canon EOS Kiss X3,1.613
EOS Kiss X3,1.613
Canon EOS 550D,1.613
EOS 550D,1.613
Canon EOS REBEL T2i,1.613
EOS Rebel T2i,1.613
Canon EOS Kiss X4,1.613
EOS Kiss X4,1.613
Canon EOS 600D,1.613
EOS 600D,1.613
Canon EOS REBEL T3i,1.613
EOS Rebel T3i,1.613
Canon EOS Kiss X5,1.613
EOS Kiss X5,1.613
Canon EOS 650D,1.613
EOS 650D,1.613
Canon EOS REBEL T4i,1.613
EOS Rebel T4i,1.613
Canon EOS Kiss X6i,1.613
EOS Kiss X6i,1.613
Canon EOS 700D,1.613
EOS 700D,1.613
Canon EOS REBEL T5i,1.613
EOS Rebel T5i,1.613
Canon EOS 800D,1.613
EOS 800D,1.613
Canon EOS REBEL T7i,1.613
EOS Rebel T7i,1.613
Canon EOS Kiss X7i,1.613
EOS Kiss X7i,1.613
Canon EOS 750D,1.613
EOS 750D,1.613
Canon EOS Rebel T6i,1.613
EOS Rebel T6i,1.613
Canon EOS 760D,1.613
EOS 760D,1.613
Canon EOS 1200D,1.620
EOS 1200D,1.620
Canon EOS REBEL T5,1.620
EOS Rebel T5,1.620
Canon EOS Kiss X70,1.620
EOS Kiss X70,1.620
Canon EOS 1300D,1.620
EOS 1300D,1.620
Canon EOS Rebel T6,1.620
EOS Rebel T6,1.620
Canon EOS 2000D,1.613
EOS 2000D,1.613
Canon EOS Kiss X90,1.613
EOS Kiss X90,1.613
Canon EOS Rebel T7,1.613
EOS Rebel T7,1.613
Canon EOS 4000D,1.613
EOS 4000D,1.613
Canon EOS Rebel T100,1.613
EOS Rebel T100,1.613
Canon EOS 100D,1.613
EOS 100D,1.613
Canon EOS REBEL SL1,1.613
EOS Rebel SL1,1.613
Canon EOS Kiss X7,1.613
EOS Kiss X7,1.613
Canon EOS 200D,1.613
EOS 200D,1.613
Canon EOS REBEL SL2,1.613
EOS Rebel SL2,1.613
Canon EOS Kiss X9,1.613
EOS Kiss X9,1.613
Canon EOS 7D,1.620
EOS 7D,1.620
Canon EOS 7D Mark II,1.605
EOS 7D Mark II,1.605
Canon EOS 80D,1.613
EOS 80D,1.613
Canon EOS 77D,1.613
EOS 77D,1.613
Canon EOS 70D,1.600
EOS 70D,1.600
Canon EOS 60D,1.620
EOS 60D,1.620
Canon EOS 50D,1.622
EOS 50D,1.622
Canon EOS 40D,1.622
EOS 40D,1.622
Canon EOS 30D,1.600
EOS 30D,1.600
Canon EOS 20D,1.600
EOS 20D,1.600
Canon EOS 10D,1.587
EOS 10D,1.587
Canon EOS D60,1.587
EOS D60,1.587
Canon EOS D30,1.587
EOS D30,1.587
DCS Pro SLR/c,1
DCS520,1.593
DCS 520,1.593
EOS D2000,1.593
Hasselblad 500 mech.,0.66
Hasselblad H3D,0.72
Maxxum 5D,1.531
Dynax 5D,1.531
Maxxum 7D,1.522
Dynax 7D,1.522
Nikon D40,1.525
D40,1.525
Nikon D40X,1.523
D40X,1.523
Nikon D50,1.525
D50,1.525
Nikon D60,1.523
D60,1.523
Nikon D70,1.525
D70,1.525
Nikon D70s,1.525
D70s,1.525
Nikon D80,1.523
D80,1.523
Nikon D90,1.523
D90,1.523
Nikon D100,1.525
D100,1.525
Nikon D200,1.523
D200,1.523
Nikon D300,1.523
D300,1.523
Nikon D300S,1.523
D300S,1.523
Nikon D500,1.531
D500,1.531
Nikon D600,1
D600,1
Nikon D610,1
D610,1
Nikon D700,1
D700,1
Nikon D750,1
D750,1
Nikon D800,1
D800,1
Nikon D800E,1
D800E,1
Nikon D810,1
D810,1
Nikon D850,1
D850,1
Nikon D3000,1.523
D3000,1.523
Nikon D3100,1.558
D3100,1.558
Nikon D3200,1.554
D3200,1.554
Nikon D3300,1.523
D3300,1.523
Nikon D3400,1.523
D3400,1.523
Nikon D5000,1.523
D5000,1.523
Nikon D5100,1.523
D5100,1.523
Nikon D5200,1.534
D5200,1.534
Nikon D5300,1.534
D5300,1.534
Nikon D5500,1.534
D5500,1.534
Nikon D5600,1.534
D5600,1.534
Nikon D7000,1.523
D7000,1.523
Nikon D7100,1.534
D7100,1.534
Nikon D7200,1.534
D7200,1.534
Nikon D7500,1.534
D7500,1.534
Nikon D1,1.525
D1,1.525
Nikon D1H,1.525
D1H,1.525
Nikon D1X,1.525
D1X,1.525
Nikon D2H,1.546
D2H,1.546
Nikon D2Hs,1.546
D2Hs,1.546
Nikon D2X,1.522
D2X,1.522
Nikon D2Xs,1.522
D2Xs,1.522
Nikon D3,1
D3,1
Nikon D3X,1
D3X,1
Nikon D3S,1
D3S,1
Nikon D4,1
D4,1
Nikon D4s,1
D4s,1
Nikon D5,1.003
D5,1.003
Nikon Df,1.001
Df,1.001
FinePixS1Pro,1.543
FinePix S1 Pro,1.543
FinePixS2Pro,1.543
FinePix S2 Pro,1.543
FinePix S3Pro,1.534
FinePix S3 Pro,1.534
FinePix S5Pro,1.560
FinePix S5 Pro,1.560
IS Pro,1.560
FinePix IS Pro,1.560
DCS Pro SLR/n,1
DCS Pro 14nx,1
DCS Pro 14N,1
E-300,2
E-330,2
E-400,2
E-410,2
E-420,2
E-450,2
E-500,2
E-510,2
E-520,2
E-600,2
E-620,2
E-10,3.933
"E-20,E-20N,E-20P",3.933
"E-20, E-20N, E-20P",3.933
E-30,2
E-1,2
E-3,2
E-5,2
DMC-L1,2
DMC-L10,2
Pentax *ist DL2,1.531
*ist DL2,1.531
Pentax *ist DL,1.531
*ist DL,1.531
Pentax *ist DS2,1.531
*ist DS2,1.531
Pentax *ist DS,1.531
*ist DS,1.531
Pentax *ist D,1.531
*ist D,1.531
Pentax K-m,1.531
K-m,1.531
Pentax K100D,1.531
K100D,1.531
Pentax K100D Super,1.531
K100D Super,1.531
Pentax K110D,1.531
K110D,1.531
Pentax K10D,1.531
K10D,1.531
Pentax K20D,1.538
K20D,1.538
Pentax K-30,1.526
K-30,1.526
Pentax K-50,1.526
K-50,1.526
Pentax K-500,1.534
K-500,1.534
Pentax K-7,1.538
K-7,1.538
Pentax K-5,1.526
K-5,1.526
Pentax K-5 II,1.526
K-5 II,1.526
Pentax K-5 II s,1.526
K-5 II s,1.526
Pentax K-3,1.534
K-3,1.534
Pentax K-3 II,1.534
K-3 II,1.534
Pentax K-1,1
K-1,1
Pentax K2000,1.531
K2000,1.531
Pentax K200D,1.531
K200D,1.531
Pentax K-x,1.531
K-x,1.531
Pentax K-r,1.523
K-r,1.523
Pentax K-S2,1.534
K-S2,1.534
Pentax K-S1,1.534
K-S1,1.534
Pentax K-70,1.534
K-70,1.534
Pentax K-01,1.522
K-01,1.522
Pentax KP,1.534
KP,1.534
SAMSUNG GX10,1.531
GX10,1.531
GX20,1.538
GX-1S,1.531
Sigma SD1,1.500
SD1,1.500
Sigma SD1 Merrill,1.500
SD1 Merrill,1.500
Sigma SD9,1.739
SD9,1.739
Sigma SD10,1.739
SD10,1.739
Sigma SD14,1.739
SD14,1.739
Sigma SD15,1.739
SD15,1.739
SLT-A33,1.523
Alpha 33,1.523
SLT-A35,1.523
Alpha 35,1.523
SLT-A37,1.523
Alpha 37,1.523
SLT-A55V,1.523
Alpha 55,1.523
SLT-A57,1.523
Alpha 57,1.523
SLT-A58,1.523
Alpha 58,1.523
SLT-A65V,1.523
Alpha 65,1.523
ILCA-68,1.534
Alpha 68,1.534
SLT-A77V,1.534
Alpha 77,1.534
ILCA-77M2,1.534
Alpha 77 II,1.534
SLT-A99,1.005
Alpha 99,1.005
SLT-A99V,1.005
Alpha 99V,1.005
DSLR-A100,1.523
Alpha 100,1.523
DSLR-A200,1.523
Alpha 200,1.523
DSLR-A230,1.523
Alpha 230,1.523
DSLR-A290,1.523
Alpha 290,1.523
DSLR-A300,1.534
Alpha 300,1.534
DSLR-A330,1.534
Alpha 330,1.534
DSLR-A350,1.534
Alpha 350,1.534
DSLR-A380,1.528
Alpha 380,1.528
DSLR-A390,1.523
Alpha 390,1.523
DSLR-A450,1.534
Alpha 450,1.534
DSLR-A500,1.534
Alpha 500,1.534
DSLR-A550,1.534
Alpha 550,1.534
DSLR-A560,1.523
Alpha 560,1.523
DSLR-A580,1.523
Alpha 580,1.523
DSLR-A700,1.534
Alpha 700,1.534
DSLR-A850,1
Alpha 850,1
DSLR-A900,1
Alpha 900,1
ILCA-99M2,1
Alpha 99 II,1
Zenit 122,1
Зенит 122,1
Zenit 122K,1
Зенит 122K,1
Zenit 212K,1
Зенит 212K,1
Zenit 312K,1
Зенит 312K,1
Zenit 412LS,1
Зенит 412LS,1
Zenit KM,1
Зенит KM,1
